1546321609742	6824	25.144.122.122	fail
1546321609748	6824	25.144.122.122	fail
1546321609742	6824	25.144.122.122	fail
1546321609742	6824	25.144.122.122	fail
1546321609742	6824	25.144.122.122	fail
1546321609742	6824	25.144.122.122	fail
1546321609742	6824	25.144.122.122	fail
1546321609742	6824	25.144.122.122	fail
1546321609742	6824	25.144.122.122	fail
1546321609742	6824	25.144.122.122	fail
1546321609742	6824	25.144.122.122	fail
1546321609742	6824	25.144.122.122	fail
1546321609742	6824	25.144.122.122	fail
1546321609742	6824	25.144.122.122	fail
1546321609742	6824	25.144.122.122	fail
1546321609742	6824	25.144.122.122	fail
1546321609743	6824	25.144.122.122	fail
1546297039164	1515	152.144.144.144	success
1546286579642	9926	144.12.11.152	success
1546316042846	8881	152.152.12.152	success